{"Generator": 6.889655113220215, "Discriminator": 0.20199744403362274, "Augment": 0.000128, "Rt": 0.6875, "R1": 0.00017033590120263398, "Path Length Regularization": 0.27892178297042847, "Mean Path Length": 0.06451471149921417, "Real Score": 1.8656105995178223, "Fake Score": -6.623420715332031, "Path Length": 0.583078145980835, "_runtime": 67, "_timestamp": 1640754511, "_step": 24, "_wandb": {"runtime": 69}}