{"Generator": 0.7104730606079102, "_timestamp": 1640809564, "Path Length": 0.1133607029914856, "Fake Score": -0.28446635603904724, "Path Length Regularization": 0.0011326732346788049, "R1": 0.0053886533714830875, "Rt": 0.328125, "_step": 27601, "Augment": 0, "Discriminator": 1.2274868488311768, "Mean Path Length": 0.11423327028751373, "_runtime": 71490, "Real Score": 0.060821764171123505}