{"Generator": 8.214034080505371, "Discriminator": 0.027782607823610306, "Augment": 0.001152, "Rt": 0.96875, "R1": 0.0009867586195468903, "Path Length Regularization": 0.013317071832716465, "Mean Path Length": 0.10607315599918365, "Real Score": 4.558256149291992, "Fake Score": -9.397528648376465, "Path Length": 0.21848423779010773, "_runtime": 252, "_timestamp": 1640750189, "_step": 100, "_wandb": {"runtime": 251}}