{"R1": 0.0009867586195468905, "Real Score": 4.558256149291992, "_timestamp": 1640750189, "Path Length Regularization": 0.013317071832716463, "_step": 100, "Mean Path Length": 0.10607315599918364, "Fake Score": -9.397528648376465, "Path Length": 0.21848423779010773, "Rt": 0.96875, "Augment": 0.001152, "_runtime": 252, "Generator": 8.214034080505371, "Discriminator": 0.027782607823610302, "_wandb": {"runtime": 256}}