{"Generator": 1.304311990737915, "Discriminator": 1.0400828123092651, "Augment": 0.03276799999999996, "Rt": 0.3515625, "R1": 0.010082904249429703, "Path Length Regularization": 0.0012863961746916175, "Mean Path Length": 0.10633817315101624, "Real Score": 0.1384265273809433, "Fake Score": -0.7280219793319702, "Path Length": 0.11488012969493866, "_runtime": 2095, "_timestamp": 1640899168, "_step": 982}