{"Generator": 8.068519592285156, "Discriminator": 0.6906828284263611, "Augment": 0.000128, "Rt": 0.84375, "R1": 1.462034742871765e-05, "Path Length Regularization": 0.17530035972595215, "Mean Path Length": 0.06306428462266922, "Real Score": 0.04181024804711342, "Fake Score": -10.985549926757812, "Path Length": 0.4767220914363861, "_runtime": 84, "_timestamp": 1640754660, "_step": 31, "_wandb": {"runtime": 87}}