{"Generator": 0.8107123970985413, "Discriminator": 1.3148025274276733, "Augment": 0.0, "Rt": 0, "R1": 0.004485235549509525, "Path Length Regularization": 0.0020948087330907583, "Mean Path Length": 0.1344614326953888, "Real Score": 0.10050303488969803, "Fake Score": -0.06453859806060791, "Path Length": 0.13860991597175598, "_runtime": 29841, "_timestamp": 1640747262, "_step": 12205, "_wandb": {"runtime": 29842}}