{"Generator": 3.0455102920532227, "Discriminator": 0.05443110316991806, "Augment": 0.004992000000000001, "Rt": 0.8541666666666666, "R1": 0.007081032730638981, "Path Length Regularization": 0.0007729639182798564, "Mean Path Length": 0.12917493283748627, "Real Score": 4.441782474517822, "Fake Score": -4.234220504760742, "Path Length": 0.14483529329299927, "_runtime": 862, "_timestamp": 1640754229, "_step": 256, "_wandb": {"runtime": 863}}