{"R1": 0.0006048838258720934, "Augment": 0, "_runtime": 68940, "Discriminator": 1.389945149421692, "Mean Path Length": 0.02649633213877678, "Path Length Regularization": 0.0037875655107200146, "Rt": 0.0625, "_step": 28087, "Generator": 0.7107757329940796, "Fake Score": 0.020915783941745758, "Real Score": 0.01596703939139843, "_timestamp": 1640900351, "Path Length": 0.08443613350391388}