{"Generator": 0.6415456533432007, "Discriminator": 0.9339882135391235, "Augment": 0, "Rt": 0.3125, "R1": 0.024781597778201103, "Path Length Regularization": 0.000692484260071069, "Mean Path Length": 0.09979595988988876, "Real Score": 0.20527110993862152, "Fake Score": -1.1768876314163208, "Path Length": 0.08408631384372711, "_runtime": 19654, "_timestamp": 1640737826, "_step": 3040, "_wandb": {"runtime": 19657}}