{"Generator": 0.6534594893455505, "Discriminator": 1.321164846420288, "Augment": 0.054272000000000487, "Rt": 0.4375, "R1": 0.01213885098695755, "Path Length Regularization": 0.0018076265696436167, "Mean Path Length": 0.12522262334823608, "Real Score": 0.20374324917793274, "Fake Score": 0.007152482867240906, "Path Length": 0.1264359951019287, "_runtime": 53463, "_timestamp": 1640808239, "_step": 24000}