{"Mean Path Length": 0.14323101937770844, "R1": 0.018266387283802032, "Augment": 0.08601599999999981, "Generator": 1.2589260339736938, "Fake Score": -0.32027482986450195, "_timestamp": 1640973383, "Path Length": 0.1517408788204193, "Discriminator": 1.1069482564926147, "Path Length Regularization": 0.0014230334199965, "Rt": 0.546875, "_step": 69870, "_runtime": 76220, "Real Score": 0.38181495666503906}