{"Mean Path Length": 0.14212916791439056, "R1": 0.009590466506779194, "Augment": 0.0890879999999998, "Generator": 1.1054458618164062, "Fake Score": -0.23809221386909485, "_timestamp": 1640973498, "Path Length": 0.13333341479301453, "Discriminator": 1.1843583583831787, "Path Length Regularization": 0.0009257777128368616, "Rt": 0.71875, "_step": 69994, "_runtime": 76335, "Real Score": 0.2270139753818512}