{"Mean Path Length": 0.14204685389995575, "R1": 0.004516517743468285, "Augment": 0.0906239999999998, "Generator": 1.0141205787658691, "Fake Score": -0.12893733382225037, "_timestamp": 1640973812, "Path Length": 0.1416301429271698, "Discriminator": 1.2477636337280273, "Path Length Regularization": 0.0019607050344347954, "Rt": 0.3671875, "_step": 70354, "_runtime": 76649, "Real Score": 0.17839035391807556}