{"Mean Path Length": 0.1417625993490219, "R1": 0.011401157826185226, "Augment": 0.0926719999999998, "Generator": 0.8128764033317566, "Fake Score": -0.15750069916248322, "_timestamp": 1640972875, "Path Length": 0.1284778118133545, "Discriminator": 1.2363401651382446, "Path Length Regularization": 0.0006525375065393746, "Rt": 0.5703125, "_step": 69289, "_runtime": 75712, "Real Score": 0.174801766872406}