{"Mean Path Length": 0.14138412475585938, "R1": 0.023206112906336784, "Augment": 0.08550399999999982, "Generator": 0.6839821338653564, "Fake Score": 0.20018747448921204, "_timestamp": 1640973889, "Path Length": 0.13888059556484222, "Discriminator": 1.456972599029541, "Path Length Regularization": 0.001613797154277563, "Rt": 0.5546875, "_step": 70439, "_runtime": 76726, "Real Score": 0.1020355224609375}