{"Generator": 4.072149276733398, "Discriminator": 0.3115396499633789, "Augment": 0.000128, "Rt": 0.65625, "R1": 5.7601464504841715e-05, "Path Length Regularization": 0.19865676760673523, "Mean Path Length": 0.07198142260313034, "Real Score": 1.141669511795044, "Fake Score": -4.625171661376953, "Path Length": 0.5142471790313721, "_runtime": 84, "_timestamp": 1640754419, "_step": 32, "_wandb": {"runtime": 85}}