{"Generator": 0.7490695714950562, "Discriminator": 1.1567108631134033, "Augment": 0, "Rt": 0.421875, "R1": 0.014718174934387207, "Path Length Regularization": 0.0007085582474246621, "Mean Path Length": 0.08872423321008682, "Real Score": 0.13682034611701965, "Fake Score": -0.44242221117019653, "Path Length": 0.10091866552829742, "_runtime": 9366, "_timestamp": 1640747403, "_step": 3600, "_wandb": {"runtime": 9364}}