{"Generator": 1.870447039604187, "Discriminator": 0.5541163682937622, "Augment": 0.06399999999999988, "Rt": 0.6328125, "R1": 0.012987177819013596, "Path Length Regularization": 0.002394099021330476, "Mean Path Length": 0.13497485220432281, "Real Score": 1.2090308666229248, "Fake Score": -1.4396988153457642, "Path Length": 0.11242347955703735, "_runtime": 74563, "_timestamp": 1640973383, "_step": 36636}