{"Generator": 5.84883451461792, "Discriminator": 0.040818095207214355, "Augment": 0.06195199999999988, "Rt": 0.9765625, "R1": 0.008526128716766834, "Path Length Regularization": 0.006618202663958073, "Mean Path Length": 0.13907159864902496, "Real Score": 5.83560848236084, "Fake Score": -4.454484939575195, "Path Length": 0.17491471767425537, "_runtime": 74054, "_timestamp": 1640972874, "_step": 36333}