{"Generator": 0.9096744060516357, "Discriminator": 1.2107616662979126, "Augment": 0.05887999999999989, "Rt": 0.21875, "R1": 0.10581660270690918, "Path Length Regularization": 0.0015120778698474169, "Mean Path Length": 0.13743823766708374, "Real Score": 0.2951290011405945, "Fake Score": -0.20252300798892975, "Path Length": 0.10704164952039719, "_runtime": 75067, "_timestamp": 1640973887, "_step": 36941}