{"Generator": 0.19671814143657684, "Discriminator": 2.697117328643799, "Augment": 0.060415999999999886, "Rt": 0.546875, "R1": 0.01701594889163971, "Path Length Regularization": 0.002759185153990984, "Mean Path Length": 0.13743504881858826, "Real Score": -2.593538284301758, "Fake Score": -4.491952419281006, "Path Length": 0.10984481871128082, "_runtime": 74987, "_timestamp": 1640973807, "_step": 36895}