{"Generator": 1.0017086267471313, "Discriminator": 1.21304190158844, "Augment": 0.06348799999999988, "Rt": 0.25, "R1": 0.005577719304710627, "Path Length Regularization": 0.0017505703726783395, "Mean Path Length": 0.1325923502445221, "Real Score": 0.4912025034427643, "Fake Score": -0.046313799917697906, "Path Length": 0.13010510802268982, "_runtime": 74673, "_timestamp": 1640973493, "_step": 36703}