{"Generator": 0.6637058854103088, "Discriminator": 1.361182689666748, "Augment": 0.0, "Rt": 0, "R1": 0.0012144759530201554, "Path Length Regularization": 0.0010603538248687983, "Mean Path Length": 0.10852376371622086, "Real Score": 0.002826194278895855, "Fake Score": -0.051303453743457794, "Path Length": 0.12973850965499878, "_runtime": 14799, "_timestamp": 1640809839, "_step": 6000}