{"Generator": 0.7012310028076172, "Discriminator": 1.371907353401184, "Augment": 0, "Rt": 0.1484375, "R1": 8.95817211130634e-05, "Path Length Regularization": 0.0004595697682816535, "Mean Path Length": 0.08122801035642624, "Real Score": 0.019909989088773727, "Fake Score": -0.009703300893306732, "Path Length": 0.07010931521654129, "_runtime": 44481, "_timestamp": 1640944892, "_step": 44950}