{"Generator": 0.6257985234260559, "Discriminator": 1.39480721950531, "Augment": 0.0, "Rt": 0, "R1": 0.006467354949563742, "Path Length Regularization": 0.0004649630282074213, "Mean Path Length": 0.11438173800706863, "Real Score": 0.2710261642932892, "Fake Score": 0.25311279296875, "Path Length": 0.10927440971136093, "_runtime": 39543, "_timestamp": 1640786872, "_step": 16169}